id,label,isotype,mutations,disputed_mutations,n_positions,eu_positions,intent,intent_label,imgt,evidence,fcgr_interface_positions,fcrn_interface_positions,off_interface_positions,is_glycan_variant,has_deletion,therapeutics,phenotype,source,notes
LALA,LALA,IgG1,L234A/L235A,,2,234; 235,silence,effector silencing,G1v14,functional,234; 235,,,False,False,,"Reduced binding to FcgammaRI, FcgammaRIIa and FcgammaRIIIa and reduced C1q binding; ADCC, ADCP and CDC reduced but not abolished.",https://doi.org/10.1006/cimm.2000.1617,"The most widely used silencing pair and the most widely over-trusted. Residual FcgammaR binding is repeatedly documented; LALA is attenuating, not null. Derived from the murine OKT3 lower-hinge alanine substitutions."
LALA-PG,LALA-PG,IgG1,L234A/L235A/P329G,,3,234; 235; 329,silence,effector silencing,G1v14-49,functional,234; 235; 329,,,False,False,,"Eliminates measurable FcgammaRI, FcgammaRII and FcgammaRIII binding and abolishes C1q binding and complement fixation; ADCC and ADCP not detected.",https://doi.org/10.1093/protein/gzw040,"P329G removes the proline-sandwich contact with the receptor FG loop, so the two mechanisms are additive rather than redundant. Transfers to murine IgG2a, which makes it useful for matched surrogate work."
LALA-PS,LALA-PS,IgG1,L234A/L235A/P331S,,3,234; 235; 331,silence,effector silencing,G1v40,binding,234; 235,,331,False,False,,Reduced FcgammaR binding and reduced C1q binding.,https://doi.org/10.1002/pro.3852,P331S contributes mainly on the complement arm.
LALA-GA,LALAGA,IgG1,L234A/L235A/G237A,,3,234; 235; 237,silence,effector silencing,G1v14-1,binding,234; 235; 237,,,False,False,,Reduced FcgammaR binding and reduced C1q binding.,https://doi.org/10.1016/j.ymeth.2013.06.035,G237A extends the lower-hinge alanine patch.
LALA-LR,LALA-LR,IgG1,L234A/L235A/L328R,,3,234; 235; 328,silence,effector silencing,G1v14-48,binding,234; 235; 328,,,False,False,,Reduced FcgammaR binding and reduced C1q binding.,https://doi.org/10.1093/protein/gzw040,
LALA-DS,LALA-DS,IgG1,L234A/L235A/D265S,,3,234; 235; 265,silence,effector silencing,G1v14-67,binding,234; 235; 265,,,False,False,,Reduced FcgammaR binding and reduced C1q binding.,https://doi.org/10.1093/protein/gzw040,
LE,LE,IgG1,L235E,,1,235,silence,effector silencing,G1v23,functional,235,,,False,False,,Decreased binding to cell-surface FcgammaR; ADCC reduced.,https://doi.org/10.1111/imr.13379,Single-substitution silencing; weaker and less complete than paired variants.
FE,FE,IgG1,L234F/L235E,,2,234; 235,silence,effector silencing,G1v41,binding,234; 235,,,False,False,,Reduced FcgammaR binding and reduced C1q binding.,https://doi.org/10.1111/imr.13379,
TM,TM,IgG1,L234F/L235E/P331S,,3,234; 235; 331,silence,effector silencing,G1v39,functional,234; 235,,331,False,False,,"Decreased binding to FcgammaRI, FcgammaRII, FcgammaRIII and C1q; CDC reduced.",https://doi.org/10.1016/j.ymeth.2013.06.035,"Often called the ""triple mutant"". Reported in the literature both as L234F/L235E/P331S and, in older text, as P331S/L234E/L235F; the residue identities at 234 and 235 are transposed between those two renderings."
FQQ,FQQ,IgG1,L234F/L235Q/K322Q,,3,234; 235; 322,silence,effector silencing,G1v53,binding,234; 235,,322,False,False,,Reduced FcgammaR binding and reduced C1q binding.,https://doi.org/10.1016/j.xphs.2016.12.023,K322Q targets the complement arm specifically.
FQQ-YTE,FQQ-YTE,IgG1,L234F/L235Q/K322Q/M252Y/S254T/T256E,,6,234; 235; 252; 254; 256; 322,silence+halflife,silencing with half-life extension,G1v53-G1v21,functional,234; 235,252; 254,256; 322,False,False,,Reduced FcgammaR and C1q binding with extended half-life via enhanced FcRn binding at pH 6.0.,https://doi.org/10.1016/j.xphs.2016.12.023,"A deliberate combination of a silencing module and a half-life module. Useful as the worked example of modular Fc engineering, and of its developability cost."
GRLR,GRLR,IgG1,G236R/L328R,,2,236; 328,silence,effector silencing,G1v52,functional,236; 328,,,False,False,,Decreased binding to all FcgammaR; ADCC reduced.,https://doi.org/10.1111/imr.13379,Arginine substitutions introduce steric and electrostatic disruption at the interface.
STR,STR,IgG1,L234S/L235T/G236R,,3,234; 235; 236,silence,effector silencing,G1v59,functional,234; 235; 236,,,False,False,,No detectable FcgammaR binding; ADCC and CDC undetectable; C1q binding abrogated.,https://doi.org/10.1371/journal.pone.0260954,"Designed explicitly to reach completeness rather than attenuation, with the G236R substitution doing much of the work."
N297A,N297A,IgG1,N297A,,1,297,silence,effector silencing,G1v29,functional,297,,,False,False,,Removes the conserved CH2 N-glycan; decreased FcgammaRI and FcgammaRIIIa binding and decreased C1q binding.,https://doi.org/10.4161/mabs.26436,"Silences by deleting the glycan rather than by editing the protein interface, and therefore also destabilizes CH2 and lowers the thermal transition. Residual binding is documented."
N297G,N297G,IgG1,N297G,,1,297,silence,effector silencing,G1v30,functional,297,,,False,False,,Glycan knockout; ADCC reduced and FcgammaR binding reduced.,https://doi.org/10.4161/mabs.26436,Glycine gives more backbone flexibility than alanine at the same position.
N297Q,N297Q,IgG1,N297Q,,1,297,silence,effector silencing,G1v36,functional,297,,,False,False,,Glycan knockout; ADCC reduced and FcgammaR binding reduced.,https://doi.org/10.1080/19420862.2025.2505092,
D265A,DA,IgG1,D265A,,1,265,silence,effector silencing,G1v66,functional,265,,,False,False,,"Decreased binding to FcgammaRI, FcgammaRII and FcgammaRIII; ADCC and ADCP reduced.",https://doi.org/10.1093/protein/gzw040,D265 is a direct interface contact in every Fc-FcgammaR complex in this atlas.
DAPA,DAPA,IgG1,D265A/N297A,,2,265; 297,silence,effector silencing,,functional,265; 297,,,False,False,,Combines interface disruption with glycan removal; FcgammaR binding and effector function strongly reduced.,https://doi.org/10.1080/19420862.2025.2505092,Two mechanistically distinct silencing routes stacked on one molecule.
P329G,PG,IgG1,P329G,,1,329,silence,effector silencing,G1v49,binding,329,,,False,False,,Reduced FcgammaR binding and reduced C1q binding.,https://doi.org/10.1093/protein/gzw040,Destroys the proline sandwich formed with the receptor FG loop tryptophans.
L328R,L328R,IgG1,L328R,,1,328,silence,effector silencing,G1v48,binding,328,,,False,False,,Reduced FcgammaR binding and reduced C1q binding.,https://doi.org/10.1371/journal.pone.0260954,
E233P,E233P,IgG1,E233P,,1,233,silence,effector silencing,G1v1,binding,,,233,False,False,,"Prevents FcgammaRI binding; decreased binding to FcgammaRI, II and III.",https://doi.org/10.1073/pnas.88.20.9036,One of the earliest rationally designed lower-hinge silencing substitutions.
G1-G2like,IgG2-like lower hinge,IgG1,E233P/L234V/L235A/G236del,,4,233; 234; 235; 236,silence,effector silencing,G1v50,binding,234; 235; 236,,233,False,True,,Decreased FcgammaR binding by converting the IgG1 lower hinge to an IgG2-like motif.,https://doi.org/10.4049/jimmunol.2000961,"Includes a residue deletion, so this variant cannot be represented as a pure substitution set and is flagged as non-substitutional."
IgG1-sigma,IgG1 sigma,IgG1,L234A/L235A/G237A/P238S/H268A/A330S/P331S,,7,234; 235; 237; 238; 268; 330; 331,silence,effector silencing,,functional,234; 235; 237; 238; 268; 330,,331,False,False,,"Near-complete elimination of FcgammaRI, FcgammaRIIa, FcgammaRIIb and FcgammaRIIIa binding; ADCC and CDC abolished; FcRn binding retained.",https://doi.org/10.1016/j.ymeth.2013.06.035,"The IgG1 counterpart of IgG2-sigma, built by importing the sigma residue set onto an IgG1 frame."
IgG2-sigma,IgG2 sigma,IgG2,G237A/P238S/H268A/V309L/A330S/P331S/V234A,V234A,7,234; 237; 238; 268; 309; 330; 331,silence,effector silencing,G2v3,functional,234; 237; 238; 268; 330,309,331,False,False,,"Near-complete elimination of FcgammaRI, FcgammaRIIa, FcgammaRIIb and FcgammaRIIIa binding; undetectable ADCC, ADCP and CDC; FcRn binding retained.",https://doi.org/10.1016/j.ymeth.2013.06.035,"NUMBERING DISPUTE. The primary publication and most reviews write the first substitution as V234A. IMGT lists the same variant as V235A (G2v3). This is a real consequence of the shorter IgG2 lower hinge: the IgG1 and IgG2 hinges cannot be aligned without a gap, so the EU index assigned to the valine depends on where that gap is placed. Under this package's alignment EU 234 in IgG2 is a gap and the valine sits at EU 235, which reproduces the IMGT assignment from sequence alone. The substitution is therefore held in `disputed_mutations` rather than asserted at one index. Both renderings mean the same physical valine. See docs/numbering.md."
IgG2m4,IgG2m4,IgG2,H268Q/V309L/A330S/P331S,,4,268; 309; 330; 331,silence,effector silencing,G2v2,functional,268; 330,309,331,False,False,,"Reduced binding to all FcgammaR and reduced C1q binding; ADCC, ADCP and CDC reduced.",https://doi.org/10.4161/mabs.1.6.10185,A cross-subclass design that imports four IgG4 residues onto an IgG2 frame.
IgG4-PAA,IgG4 PAA,IgG4,S228P/F234A/L235A,,3,228; 234; 235,silence+stabilize,silencing with hinge stabilization,,functional,234; 235,,228,False,False,,"Decreased binding to FcgammaRI, FcgammaRIIa and FcgammaRIIIa; ADCC and CDC reduced; S228P prevents Fab-arm exchange.",https://doi.org/10.1016/j.ymeth.2013.06.035,"Bundles a silencing module with a stability module. The S228P hinge fix addresses half-molecule exchange, not effector function."
IgG4-FALA,FALA,IgG4,F234A/L235A,,2,234; 235,silence,effector silencing,G4v4,binding,234; 235,,,False,False,,Reduced FcgammaR binding and reduced C1q binding.,https://doi.org/10.1111/imr.13379,The IgG4 positional equivalent of LALA; position 234 is phenylalanine in IgG4.
IgG4-SPLE,SPLE,IgG4,S228P/L235E,,2,228; 235,silence+stabilize,silencing with hinge stabilization,,functional,235,,228,False,False,,Decreased FcgammaRI binding with half-life unchanged; S228P prevents Fab-arm exchange.,https://doi.org/10.1038/nbt.1553,
IgG4-LEPG,LEPG,IgG4,L235E/P329G,,2,235; 329,silence,effector silencing,G4v3-49,binding,235; 329,,,False,False,,Reduced FcgammaR binding and reduced C1q binding.,https://doi.org/10.1093/protein/gzw040,
eculizumab-hybrid,IgG2/IgG4 hybrid,IgG4,F234P/L235V/G236A/E233del,,4,233; 234; 235; 236,silence,effector silencing,G2G4v1,functional,234; 235; 236,,233,False,True,eculizumab,Reduced FcgammaR binding and reduced C1q binding.,https://doi.org/10.1038/nbt1344,"A chimeric constant region rather than a point-variant series, and one of the few silencing designs with a named approved therapeutic attached. Contains a deletion and is flagged as non-substitutional. The parent frame is recorded as IgG4 because the wild-type residues implied by the substitution set (E233, F234, L235, G236) are the IgG4 residues; the changes convert an IgG4 lower hinge toward the IgG2 motif. Curating this record against IgG2, as its IMGT G2G4v1 label invites, fails sequence validation at all four positions."
DE,DE,IgG1,S239D/I332E,,2,239; 332,enhance_adcc,ADCC / ADCP enhancement,G1v7,functional,239; 332,,,False,False,,Increased FcgammaRIIIa binding; ADCC enhanced; ADCP with FcgammaRII increased modestly.,https://doi.org/10.1073/pnas.0508123103,The parent of the aspartate/glutamate charge-engineering series.
DLE,DLE,IgG1,S239D/A330L/I332E,,3,239; 330; 332,enhance_adcc,ADCC / ADCP enhancement,G1v8,functional,239; 330; 332,,,False,False,,Increased FcgammaRIIIa binding and decreased FcgammaRIIb binding; ADCC enhanced; CDC eliminated.,https://doi.org/10.1073/pnas.0508123103,"A useful counterexample to the assumption that enhancement is monotonic. A330L raises ADCC while ablating complement, so the same variant is an enhancing and a silencing design depending on the axis measured."
GASDALIE,GASDALIE,IgG1,G236A/S239D/A330L/I332E,,4,236; 239; 330; 332,enhance_adcc,ADCC / ADCP enhancement,G1v12,functional,236; 239; 330; 332,,,False,False,,Increased FcgammaRIIIa and FcgammaRIIa binding; ADCC and ADCP enhanced; FcgammaRI-mediated phagocytosis increased 1.87-fold; CDC absent.,https://doi.org/10.1073/pnas.1203954109,Widely used in preclinical immuno-oncology models.
GASDIE,GASDIE,IgG1,G236A/S239D/I332E,,3,236; 239; 332,enhance_adcc,ADCC / ADCP enhancement,G1v13,functional,236; 239; 332,,,False,False,,Increased FcgammaRIIIa binding and FcgammaRIIa binding above 70-fold with a 15-fold shift in the FcgammaRIIa/FcgammaRIIb ratio; ADCC and ADCP enhanced; CDC little changed.,https://doi.org/10.1158/1535-7163.MCT-08-0201,
GAALIE,GAALIE,IgG1,G236A/A330L/I332E,,3,236; 330; 332,enhance_adcc,ADCC / ADCP enhancement,G1v45,functional,236; 330; 332,,,False,False,,Increased FcgammaRIIIa binding; ADCC and ADCP enhanced; CDC absent.,https://doi.org/10.1172/JCI128437,
SEAKA,S298A/E333A/K334A,IgG1,S298A/E333A/K334A,,3,298; 333; 334,enhance_adcc,ADCC / ADCP enhancement,G1v6,functional,298,,333; 334,False,False,,Increased FcgammaRIIIa binding; ADCC enhanced.,https://doi.org/10.1074/jbc.M009483200,From the original alanine-scanning survey of the Fc interface.
MGAH22-set,margetuximab Fc,IgG1,L235V/F243L/R292P/Y300L/P396L,,5,235; 243; 292; 300; 396,enhance_adcc,ADCC / ADCP enhancement,,functional,235,,243; 292; 300; 396,False,False,margetuximab,ADCC enhanced; ADCP with FcgammaRIIa-131R absent while FcgammaRIIa-131H is retained; CDC not significantly changed.,https://doi.org/10.1186/bcr3069,"One of the few effector-enhanced Fc designs in an approved product, and the clearest case of allele-dependent behaviour across FcgammaRIIa-131H and -131R."
stavenhagen-set,stavenhagen-set,IgG1,F243L/R292P/Y300L/V305I/P396L,,5,243; 292; 300; 305; 396,enhance_adcc,ADCC / ADCP enhancement,G1v9,functional,,,243; 292; 300; 305; 396,False,False,,ADCC enhanced; CDC increased 6-fold; ADCP with FcgammaRIIa-131H increased.,https://doi.org/10.1158/0008-5472.CAN-07-0696,Reported with position 396 as P396L in the source abstract and as P396I in some catalogue renderings; IMGT lists G1v9 with V305I and P396I.
tafasitamab-set,XmAb5574 Fc,IgG1,S239D/K274Q/Y296F/Y300F/L309V/I332E/A339T/V397M,,8,239; 274; 296; 300; 309; 332; 339; 397,enhance_adcc,ADCC / ADCP enhancement,,functional,239; 296; 332,309,274; 300; 339; 397,False,False,tafasitamab; talcotuzumab,ADCC enhanced and ADCP with FcgammaRII increased; CDC little changed.,https://patents.google.com/patent/WO2015195498A1/en,The INN sequence carries eight substitutions while the functional literature usually describes only S239D/I332E. The six additional changes are distant from the FcgammaR interface and their contribution is not individually resolved.
afucosylated,afucosylation,IgG1,,,0,,enhance_adcc,ADCC / ADCP enhancement,,functional,,,,True,False,obinutuzumab; mogamulizumab; benralizumab; inebilizumab; amivantamab; ublituximab; belantamab mafodotin,ADCC enhanced 31-fold with FcgammaRIIIa-158V and 201-fold with FcgammaRIIIa-158F effector cells; ADCP with FcgammaRI and FcgammaRII not significantly changed.,https://doi.org/10.1038/6179,"GLYCAN VARIANT, NOT A SEQUENCE VARIANT. It carries no substitutions and cannot be rendered as a mutation set, which is exactly why it belongs in the atlas: the most clinically successful ADCC enhancement to date is invisible to any tool that models Fc engineering as point mutations. Sequence-identical material differing only in core fucose spans the largest effect size in this table."
SELF,SELF,IgG1,S267E/L328F,,2,267; 328,enhance_fcgr2b,inhibitory FcgammaRIIb enhancement,G1v25,functional,267; 328,,,False,False,,Increases FcgammaRIIb binding approximately 400-fold; inhibitory ITIM signalling in B cells engaged.,https://doi.org/10.1016/j.molimm.2008.06.027,"Selective enhancement toward the inhibitory receptor, the opposite therapeutic intent from the ADCC series while using the same interface."
S267E,SE,IgG1,S267E,,1,267,enhance_fcgr2b,inhibitory FcgammaRIIb enhancement,G1v35,functional,267,,,False,False,,Increased FcgammaRIIb and FcgammaRIIa-131R binding and increased C1q binding with CDC increased 3-fold; no ADCC detected with FcgammaRIIIa.,https://doi.org/10.4161/mabs.2.2.11158,
EFT,EFT,IgG1,S267E/H268F/S324T,,3,267; 268; 324,enhance_cdc,complement enhancement,G1v17,functional,267; 268,,324,False,False,,Tightest reported C1q affinity in its series; CDC potency of an anti-CD20 enhanced up to 23-fold.,https://doi.org/10.4161/mabs.2.2.11158,
RGY,RGY,IgG1,E345R/E430G/S440Y,,3,345; 430; 440,enhance_cdc,complement enhancement,G1v18,structural,,,345; 430; 440,False,False,,Drives IgG hexamer formation in solution with increased C1q binding and enhanced CDC.,https://doi.org/10.1126/science.1248943,"Acts on Fc-Fc self-association rather than on the C1q contact itself, so the mechanism is assembly stoichiometry, not affinity. RGY hexamerizes in solution, which is why the single-substitution E430G is preferred therapeutically."
E430G,HexaBody,IgG1,E430G,,1,430,enhance_cdc,complement enhancement,G1v34,functional,,,430,False,False,,Favours IgG hexamerization through increased intermolecular Fc-Fc interaction after antigen binding at the cell surface; CDC enhanced.,https://doi.org/10.1111/imr.13394,"Antigen-dependent by design: assembly is conditional on surface binding, which keeps solution-phase complement activation low."
E345K,Stellabody,IgG1,E345K,,1,345,enhance_cdc,complement enhancement,,functional,,,345,False,False,,Hexamer-promoting substitution; increased self-association and enhanced complement potency.,https://doi.org/10.1111/imr.13399,Self-association rank reported as wild type below E430G below E345K below E345R.
K326W-E333S,K326W-E333S,IgG1,K326W/E333S,,2,326; 333,enhance_cdc,complement enhancement,G1v16,functional,326,,333,False,False,,Increased C1q binding and enhanced CDC.,https://doi.org/10.4049/jimmunol.166.4.2571,"K326W alone enhances CDC while reducing ADCC, an explicit trade between arms."
K322A,K322A,IgG1,K322A,,1,322,reduce_cdc,complement reduction,G1v20,functional,,,322,False,False,,Reduced C1q binding and reduced CDC with FcgammaR binding largely preserved.,https://doi.org/10.4049/jimmunol.164.8.4178,Separates the complement arm from the cellular arm.
D270A,D270A,IgG1,D270A,,1,270,reduce_cdc,complement reduction,G1v19,functional,,,270,False,False,,Reduced C1q binding and reduced CDC.,https://doi.org/10.4049/jimmunol.164.8.4178,
YTE,YTE,IgG1,M252Y/S254T/T256E,,3,252; 254; 256,halflife,half-life extension,G1v21,functional,,252; 254,256,False,False,motavizumab; nirsevimab,Approximately 10-fold increased FcRn binding at pH 6.0 with retained release at pH 7.4; 2- to 4-fold longer serum half-life in humans.,https://doi.org/10.4049/jimmunol.169.9.5171,The first Fc half-life engineering to be confirmed in humans. T256E contributes two new salt bridges to beta-2 microglobulin. The reference Fc-FcRn structure 4N0U carries YTE rather than wild-type Fc.
LS,LS,IgG1,M428L/N434S,,2,428; 434,halflife,half-life extension,G1v24,functional,,434,428,False,False,,Approximately 11-fold higher FcRn affinity at pH 6.0; roughly 2-fold half-life increase in cynomolgus monkeys.,https://doi.org/10.1038/nbt.1601,N434S is postulated to add hydrogen bonds to FcRn.
QL,QL,IgG1,T250Q/M428L,,2,250; 428,halflife,half-life extension,G1v42,functional,,,250; 428,False,False,,Enhanced FcRn binding at pH 6.0 and extended half-life.,https://doi.org/10.1074/jbc.C300470200,
KF,KF,IgG1,H433K/N434F,,2,433; 434,halflife,half-life extension,G1v46,binding,,433; 434,,False,False,,Enhanced FcRn binding at pH 6.0.,https://doi.org/10.4049/jimmunol.169.9.5171,
YTE-KFH,YTE-KFH,IgG1,M252Y/S254T/T256E/H433K/N434F/Y436H,,6,252; 254; 256; 433; 434; 436,halflife,half-life extension,G1v22,binding,,252; 254; 433; 434; 436,256,False,False,,Enhanced FcRn binding at pH 6.0.,https://doi.org/10.4049/jimmunol.169.9.5171,
H310A,H310A,IgG1,H310A,,1,310,reduce_halflife,half-life reduction,G2v8-1,binding,,310,,False,False,,Abrogates FcRn binding at pH 6.0; rapid clearance.,https://doi.org/10.1074/jbc.M113.537563,Any substitution of H310 except cysteine abolishes detectable FcRn binding. H310 is the closest Fc contact to FcRn in 4N0U at 2.04 A. Reported by IMGT on IgG2 and used across isotypes.
IgG3-R435H,IgG3-R435H,IgG3,R435H,,1,435,halflife,half-life extension,G3v1,functional,,435,,False,False,,Extends IgG3 half-life toward that of IgG1 by restoring the IgG1 FcRn contact residue.,https://doi.org/10.1038/ncomms1608,A single residue explains most of the IgG3 half-life deficit. Histidine at 435 is the IgG1 state; arginine is the IgG3 state.
KiH,knob,IgG1,T366W,,1,366,heterodimer,heavy-chain heterodimerization,G1v32,structural,,,366,False,False,,CH3 knob; pairs with the T366S/L368A/Y407V hole to drive heavy-chain heterodimerization.,https://doi.org/10.1093/protein/9.7.617,Partner variant required; see KiH-hole.
KiH-hole,hole,IgG1,T366S/L368A/Y407V,,3,366; 368; 407,heterodimer,heavy-chain heterodimerization,G1v33,structural,,,366; 368; 407,False,False,,CH3 hole; pairs with the T366W knob to drive heavy-chain heterodimerization.,https://doi.org/10.1093/protein/9.7.617,"Obligate partner design. Half a knobs-into-holes pair on one chain is a destabilizing mutation, not a bispecific platform."
KiH-orig-knob,original knob,IgG1,T366Y,,1,366,heterodimer,heavy-chain heterodimerization,G1v26,structural,,,366,False,False,,"First-generation CH3 knob, paired with Y407T.",https://doi.org/10.1093/protein/9.7.617,
KiH-orig-hole,original hole,IgG1,Y407T,,1,407,heterodimer,heavy-chain heterodimerization,G1v31,structural,,,407,False,False,,"First-generation CH3 hole, paired with T366Y.",https://doi.org/10.1093/protein/9.7.617,
DuoBody,cFAE,IgG1,F405L,,1,405,heterodimer,heavy-chain heterodimerization,,functional,,,405,False,False,,"With a K409R partner chain, permits controlled Fab-arm exchange to assemble bispecific IgG1 from two parental antibodies.",https://doi.org/10.1074/jbc.RA117.000303,Partner variant K409R required on the second chain.
DuoBody-partner,cFAE partner,IgG1,K409R,,1,409,heterodimer,heavy-chain heterodimerization,,functional,,,409,False,False,,Partner chain for controlled Fab-arm exchange; dissociation of the K409R parent into half-molecules is rate-controlling.,https://doi.org/10.1074/jbc.RA117.000303,
charge-pair-DD,DD,IgG1,K392D/K409D,,2,392; 409,heterodimer,heavy-chain heterodimerization,,functional,,,392; 409,False,False,,Charge-reversed CH3 face; pairs with the E356K/D399K chain to favour heterodimer over homodimer.,https://doi.org/10.1074/jbc.M110.117382,Partner variant required; see charge-pair-KK.
charge-pair-KK,KK,IgG1,D399K/E356K,E356K,2,356; 399,heterodimer,heavy-chain heterodimerization,,functional,,,356; 399,False,False,,Charge-reversed CH3 face; pairs with the K392D/K409D chain to favour heterodimer over homodimer.,https://doi.org/10.1074/jbc.M110.117382,"ALLOTYPE DEPENDENCE. The published substitution is written E356K, but the UniProt IGHG1 reference sequence P01857 carries aspartate at EU 356. EU 356 and EU 358 are the classical IgG1 allotype pair: D356/L358 in the G1m(f) reference used here, E356/M358 in the G1m(1) allotype on which the construct was built. The substitution is real; the wild-type residue it starts from depends on the allotype of the parent antibody. Held in `disputed_mutations` so it is not silently validated against the wrong frame."
DEKK-DE,DE arm,IgG1,L351D/L368E,,2,351; 368,heterodimer,heavy-chain heterodimerization,,functional,,,351; 368,False,False,,Salt-bridge heterodimerization arm; pairs with the L351K/T366K chain.,https://doi.org/10.1074/jbc.M117.793497,
DEKK-KK,KK arm,IgG1,L351K/T366K,,2,351; 366,heterodimer,heavy-chain heterodimerization,,functional,,,351; 366,False,False,,Salt-bridge heterodimerization arm; pairs with the L351D/L368E chain.,https://doi.org/10.1074/jbc.M117.793497,
S239C,THIOMAB-type site,IgG1,S239C,,1,239,conjugation,site-specific conjugation,G1v27,structural,239,,,False,False,,Engineered cysteine for site-specific drug attachment.,https://doi.org/10.3390/ph14070672,"Sits inside the FcgammaR contact patch. Conjugating here is not effector-neutral, which matters for ADC design."
S442C,S442C,IgG1,S442C,,1,442,conjugation,site-specific conjugation,G1v44,structural,,,442,False,False,,Engineered cysteine in CH3 for site-specific drug attachment.,https://doi.org/10.3390/ph14070672,Distal to both the FcgammaR and FcRn interfaces.
E272C,E272C,IgG1,E272C,,1,272,conjugation,site-specific conjugation,G1v64,structural,,,272,False,False,,Engineered cysteine for site-specific conjugation.,https://doi.org/10.3390/ph14070672,
CH2-disulfide,CH2-disulfide,IgG1,R292C/V302C,,2,292; 302,stabilize,stabilization,G1v54,structural,,,292; 302,False,False,,Engineered CH2 disulfide that stabilizes the domain in the absence of N297 glycosylation.,https://doi.org/10.1074/jbc.M116.748525,"A direct answer to the destabilization caused by glycan-knockout silencing. Often combined with N297A, N297G or N297Q."
IgG4-S228P,SP,IgG4,S228P,,1,228,stabilize,stabilization,G4v5,functional,,,228,False,False,pembrolizumab; nivolumab,Prevents IgG4 half-molecule exchange in vitro and in vivo.,https://doi.org/10.1038/nbt.1553,"The single most common IgG4 modification in approved therapeutics, and not an effector-function change at all. Included to keep the distinction between stability engineering and effector engineering visible."
IgG4-R409K,IgG4-R409K,IgG4,R409K,,1,409,stabilize,stabilization,G4v6,functional,,,409,False,False,,Reduces IgG4 half-molecule exchange.,https://doi.org/10.4049/jimmunol.1003336,
IgG2-aggregation,IgG2-aggregation,IgG2,F300Y/V309L/T339A,,3,300; 309; 339,stabilize,stabilization,G2v7,functional,,309,300; 339,False,False,,"Reduces acid-induced aggregation with low ADCC, low FcgammaR binding, low CDC and low C1q binding.",https://doi.org/10.1002/pro.3852,
